#{"t_start": 1790888853.9540274, "env_id": "MGEnv"}
r,l,t
-395.048931,432,1.872721
-331.375598,432,3.452711
-338.788403,432,5.004858
-341.07759,432,6.615312
-422.306314,432,8.153047
-230.321477,432,9.705348
-270.690004,432,11.260438
-339.268181,432,12.816068
-295.677975,432,16.992934
-274.898836,432,18.513909
-219.103803,432,20.061204
-325.019639,432,21.614136
-285.609308,432,23.151919
-316.619524,432,24.691373
-223.556203,432,26.255433
-228.66223,432,27.782615
-265.698507,432,31.759769
-293.752917,432,33.276069
-303.631262,432,34.790941
-419.171454,432,36.329152
-178.444892,432,37.887664
-309.370207,432,39.418731
-257.8744,432,40.996431
-351.387222,432,42.529214
-499.000733,432,46.58259
-141.041529,432,48.136186
-163.050813,432,49.697518
-433.459835,432,51.268844
-213.57751,432,52.795611
-362.426882,432,54.339942
-322.199808,432,55.893755
-410.66592,432,57.470185
-310.976223,432,61.591812
-104.561131,432,63.105239
-176.216617,432,64.667286
-118.182678,432,66.189095
-392.272633,432,67.706015
-350.017331,432,69.258531
-422.591831,432,70.780476
-179.458048,432,72.307354
-200.632174,432,76.373497
-352.749995,432,77.902122
-148.365061,432,79.412391
-217.36883,432,80.993967
-267.551596,432,82.48185
-411.472019,432,84.012259
-161.294507,432,85.604682
-198.047079,432,87.11707
-293.378388,432,91.083548
-158.570756,432,92.622003
-195.706599,432,94.16457
-347.941647,432,95.706048
-159.193075,432,97.206738
-206.501622,432,98.734666
-194.814001,432,100.29305
-429.087269,432,101.836596
-286.428373,432,105.847058
-198.88787,432,107.407903
-142.216341,432,108.897073
-218.880192,432,110.431596
-186.019071,432,111.974967
-141.389239,432,113.472791
-118.43721,432,114.999057
-67.857205,432,116.478028
-312.155687,432,120.464315
-137.300124,432,122.030553
-109.735165,432,123.507014
-23.323617,432,125.011261
-219.32034,432,126.513039
138.192185,432,128.024143
-219.968696,432,129.549502
59.901648,432,131.089794
-119.773053,432,134.896096
-133.490192,432,136.399437
-348.766233,432,137.914654
2.582522,432,139.490442
33.409709,432,140.95104
-48.529643,432,142.439337
-120.379422,432,143.976271
-229.889087,432,145.452428
-134.67702,432,149.365709
-202.117346,432,150.890433
180.629821,432,152.37631
-185.881367,432,153.909333
-283.527309,432,155.390474
-236.159733,432,156.912521
-5.230969,432,158.433609
-186.968495,432,159.907963
77.656888,432,163.841809
-166.547044,432,165.370737
113.090966,432,166.880591
16.021135,432,168.471079
187.946242,432,169.943131
-240.037366,432,171.438868
-145.452037,432,172.966938
-131.721211,432,174.487044
99.009607,432,178.45649
-90.156763,432,180.006012
17.451014,432,181.498978
-481.694258,432,183.068493
162.810636,432,184.554336
120.79775,432,186.066497
-178.039934,432,187.631907
29.501911,432,189.108768
-14.231482,432,193.084751
134.989373,432,194.617368
249.360728,432,196.122808
289.571238,432,197.686919
-14.367389,432,199.182583
147.987174,432,200.695318
292.681034,432,202.267951
133.058498,432,203.793954
78.870789,432,207.921844
85.790276,432,209.433305
177.009347,432,210.997703
248.555024,432,212.5538
219.152041,432,214.100043
63.161239,432,215.640695
301.424702,432,217.197321
292.036902,432,218.736395
263.189167,432,222.791644
199.716438,432,224.337475
248.352946,432,225.866081
336.797358,432,227.430408
197.347177,432,228.958247
338.96879,432,230.527739
219.539293,432,232.126923
-36.77876,432,233.626817
349.971631,432,237.610639
137.625775,432,239.171457
267.092846,432,240.778235
213.337746,432,242.310318
285.687408,432,243.831963
348.119679,432,245.376624
242.048073,432,246.928222
-1.503158,432,248.542703
360.193621,432,252.493273
243.379162,432,254.11217
178.000212,432,255.664202
371.183022,432,257.104814
340.38086,432,258.539986
357.832033,432,259.975954
370.579383,432,261.432249
321.034331,432,262.871159
382.879882,432,266.588105
365.691402,432,268.050248
251.884294,432,269.474417
403.591292,432,270.926908
288.930526,432,272.353421
334.956921,432,273.776452
255.281067,432,275.248321
339.820424,432,276.687946
287.100254,432,280.338809
191.61312,432,281.796501
368.196154,432,283.22588
379.203119,432,284.693119
354.69028,432,286.125609
401.157209,432,287.556775
410.838783,432,289.002784
392.387558,432,290.43644
431.007532,432,294.138558
133.859303,432,295.606961
324.914246,432,297.064989
419.215521,432,298.49461
390.68773,432,299.935116
417.998832,432,301.388486
226.245731,432,302.828188
458.08716,432,304.305548
399.002929,432,308.011456
467.274508,432,309.474581
347.103738,432,310.94002
444.297881,432,312.395698
420.158697,432,313.824966
435.796634,432,315.261702
438.026691,432,316.704646
439.834351,432,318.147001
404.468566,432,321.824636
466.41952,432,323.290505
400.559695,432,324.711006
449.89879,432,326.139888
509.468224,432,327.584248
387.587304,432,329.046227
472.865285,432,330.500964
477.358138,432,331.927908
437.061182,432,335.588785
480.680448,432,337.058215
475.420063,432,338.493199
284.310423,432,339.938893
458.112461,432,341.376528
447.417812,432,342.814369
434.410867,432,344.277102
197.052477,432,345.737538
378.526756,432,349.448706
490.04587,432,350.924294
448.353514,432,352.3582
481.99492,432,353.826288
450.572335,432,355.272556
400.397693,432,356.708195
515.454883,432,358.144712
489.129149,432,359.594707
472.740541,432,363.285142
349.165563,432,364.74504
412.080511,432,366.183037
491.588791,432,367.631426
494.581812,432,369.059809
470.665129,432,370.490029
504.532169,432,371.936256
209.217817,432,373.374228
459.391554,432,377.062948
507.556957,432,378.531781
472.634753,432,380.00714
476.725035,432,381.474719
522.63811,432,382.904025
440.434686,432,384.325072
191.21042,432,385.778182
633.483083,432,387.252471
544.454371,432,390.967819
478.714809,432,392.430557
570.384076,432,393.858753
528.568415,432,395.32604
547.056889,432,396.773758
567.703624,432,398.209732
531.328971,432,399.660425
499.138987,432,401.089194
425.449355,432,404.755352
465.668402,432,406.238025
477.717264,432,407.67169
552.750185,432,409.125216
480.105071,432,410.570686
565.073972,432,411.998899
583.228607,432,413.458518
595.032812,432,414.922047
387.134048,432,418.591465
597.9848,432,420.054746
421.589553,432,421.49264
519.136203,432,422.976981
493.794024,432,424.423259
580.533239,432,425.860868
530.45411,432,427.310482
554.533081,432,428.767356
651.31027,432,432.437692
425.531519,432,433.919049
521.698834,432,435.35712
514.03543,432,436.810999
550.841934,432,438.264889
523.238726,432,439.722213
405.851733,432,441.179831
504.37436,432,442.63827
577.370537,432,446.339597
581.572005,432,447.795588
322.004828,432,449.237312
580.001915,432,450.685023
528.793748,432,452.114731
606.105189,432,453.560455
583.921796,432,455.029511
476.405724,432,456.480289
635.561134,432,460.187388
636.668937,432,461.671276
539.477913,432,463.131806
644.025524,432,464.590162
480.816334,432,466.027681
580.780201,432,467.495704
591.295012,432,468.950777
561.756645,432,470.411777
518.172755,432,474.069773
476.404749,432,475.534108
517.06489,432,476.972151
264.573748,432,478.437698
445.871625,432,479.872949
581.84075,432,481.329489
574.208464,432,482.80917
526.087964,432,484.248797
655.619974,432,487.935667
417.824272,432,489.404759
512.228853,432,490.842289
454.58286,432,492.351202
555.548541,432,493.804789
673.657631,432,495.258792
625.074902,432,496.683599
586.723624,432,498.149855
611.902581,432,501.868729
552.394731,432,503.330235
523.235093,432,504.763549
613.468219,432,506.247206
577.02938,432,507.690881
582.757276,432,509.162977
633.192587,432,510.610257
536.366766,432,512.041979
542.364362,432,515.707705
538.369897,432,517.186573
611.685558,432,518.65471
581.400414,432,520.126285
472.109658,432,521.565123
620.550382,432,522.99398
511.646343,432,524.454464
475.998069,432,525.935371
406.052578,432,529.608827
547.848062,432,531.071234
536.964809,432,532.536311
557.907477,432,534.02709
573.168955,432,535.474478
620.800392,432,536.926783
639.724719,432,538.388036
608.779016,432,539.834761
512.642259,432,543.502029
544.690941,432,544.99526
562.913817,432,546.453944
552.872068,432,547.90551
603.583845,432,549.365875
561.831097,432,550.821451
656.90044,432,552.278634
637.676773,432,553.727027
573.927019,432,557.418276
705.263956,432,558.90893
584.733019,432,560.386502
448.242175,432,561.834086
519.708716,432,563.280668
551.262328,432,564.74562
637.154046,432,566.184828
605.026076,432,567.621078
548.308367,432,571.293842
503.365349,432,572.750588
491.381606,432,574.192102
542.680725,432,575.641772
315.352573,432,577.101396
526.719743,432,578.546057
523.125813,432,579.986314
538.825391,432,581.428415
535.470141,432,585.099703
475.325816,432,586.574176
689.746383,432,588.01976
667.417511,432,589.474615
709.390237,432,590.915724
623.684472,432,592.434744
511.092681,432,593.901956
653.57037,432,595.375661
483.889124,432,599.081671
562.825186,432,600.532449
543.712755,432,601.984728
363.78692,432,603.462367
615.651181,432,604.913323
592.350511,432,606.353667
623.282896,432,607.800634
437.572197,432,609.244346
509.702163,432,612.961222
590.293006,432,614.447839
583.415789,432,615.88154
653.169308,432,617.341928
376.218668,432,618.775529
543.567721,432,620.22415
525.670766,432,621.6981
538.473607,432,623.161346
605.642084,432,626.878084
512.191161,432,628.339909
593.001609,432,629.782122
318.969626,432,631.262563
465.100282,432,632.695225
434.631015,432,634.161412
608.64022,432,635.593966
485.347987,432,637.083288
479.941005,432,640.805801
539.361384,432,642.26902
507.448564,432,643.731499
598.596847,432,645.202201
563.379038,432,646.633631
546.811951,432,648.079314
508.294215,432,649.530344
571.132486,432,650.966488
665.652436,432,654.653749
473.98219,432,656.117341
528.479144,432,657.569382
475.634794,432,659.01576
379.544185,432,660.447731
187.818001,432,661.892969
576.430228,432,663.350841
595.058808,432,664.828449
578.320955,432,668.513506
525.133087,432,669.979027
637.24394,432,671.466706
687.15379,432,672.939295
648.470981,432,674.394568
655.724781,432,675.829585
508.001816,432,677.281144
521.110672,432,678.740265
434.917219,432,682.434846
517.464047,432,683.902678
527.667666,432,685.329554
533.023401,432,686.796301
611.930272,432,688.270696
530.620842,432,689.733043
440.663527,432,691.181788
617.139856,432,692.630403
511.096764,432,696.286143
683.214892,432,697.727854
660.718472,432,699.200184
517.617862,432,700.661555
609.611969,432,702.123322
571.839709,432,703.56352
604.833687,432,705.008552
598.995384,432,706.449197
599.045333,432,710.121574
561.934299,432,711.620568
513.413464,432,713.071013
580.391811,432,714.530573
507.448521,432,715.991527
627.384,432,717.480464
654.679441,432,718.935276
592.065952,432,720.379376
518.382708,432,724.04531
559.350391,432,725.505266
574.221886,432,726.96184
664.44312,432,728.438688
485.40973,432,729.875067
592.343677,432,731.341214
578.732253,432,732.772835
324.097771,432,734.239159
514.390569,432,737.940236
141.391588,432,739.40171
677.189477,432,740.866649
492.273466,432,742.310411
605.136312,432,743.796478
603.629012,432,745.230852
517.381068,432,746.701941
422.180137,432,748.150128
464.84656,432,751.80128
612.788664,432,753.263531
600.85986,432,754.718447
536.586928,432,756.166422
496.15649,432,757.601861
548.352259,432,759.077099
591.855026,432,760.538449
512.78179,432,762.03772
463.826745,432,766.087703
517.047942,432,767.687334
563.819581,432,769.362726
683.353216,432,770.909742
670.03797,432,772.404145
489.173282,432,773.880199
665.846818,432,775.341649
495.500404,432,776.810043
560.483938,432,780.547806
540.136451,432,781.990846
477.471174,432,783.489019
648.491682,432,784.974156
537.981299,432,786.464584
448.845444,432,787.937771
599.993464,432,789.396761
610.929425,432,790.897018
494.139818,432,794.602997
581.582122,432,796.055609
651.420826,432,797.536886
498.52248,432,798.99164
659.917479,432,800.42378
348.253285,432,801.864672
552.91203,432,803.325281
600.078547,432,804.771966
482.096651,432,808.476331
367.013952,432,809.94557
529.37147,432,811.392806
573.982374,432,812.836945
637.68357,432,814.287381
534.541188,432,815.749052
