#{"t_start": 1790804982.1007879, "env_id": "MGEnv"}
r,l,t
-225.88301,432,1.16921
-25.268349,432,2.265134
-109.620956,432,3.509459
-262.459635,432,4.636232
-93.412517,432,5.809881
-202.247459,432,6.862782
-175.059663,432,8.065314
-180.747358,432,9.151316
-65.968269,432,12.072859
62.208862,432,13.182773
21.490745,432,14.366571
-123.178756,432,15.466522
-196.335171,432,16.700907
-13.449206,432,17.759657
23.031999,432,18.95623
-339.59145,432,20.029938
197.571096,432,22.918352
-46.321665,432,24.019203
21.404164,432,25.231834
-253.495882,432,26.372211
-31.873368,432,27.571614
-156.737454,432,28.670322
-134.175301,432,29.872005
-21.787049,432,30.980863
-60.97806,432,33.865618
-174.505041,432,34.943703
-119.366539,432,36.136862
-135.91631,432,37.213942
-132.052001,432,38.393337
-138.240705,432,39.505472
-90.547158,432,40.706583
158.319107,432,41.795215
-113.478158,432,44.74821
-27.204436,432,45.792982
-73.517179,432,46.976024
98.190361,432,48.081938
106.155029,432,49.263635
100.172078,432,50.378608
78.483476,432,51.567086
108.811598,432,52.612933
-420.91707,432,55.561123
77.137573,432,56.625527
-171.071974,432,57.808982
7.630403,432,58.931817
175.017726,432,60.130979
235.337906,432,61.247047
109.647252,432,62.437613
-24.684929,432,63.567476
-211.706223,432,66.4411
52.719817,432,67.564959
-208.453907,432,68.751415
197.556355,432,69.898002
128.424909,432,71.084096
-81.515729,432,72.168169
-16.278586,432,73.350959
-87.017109,432,74.438894
186.763731,432,77.335101
174.921703,432,78.415
246.232321,432,79.612607
-113.987085,432,80.745971
17.864708,432,81.934625
116.659805,432,83.040677
216.80805,432,84.235129
-233.291969,432,85.335597
256.629556,432,88.212794
148.464838,432,89.33223
57.38258,432,90.528476
124.250152,432,91.62529
-0.196572,432,92.828071
-5.516148,432,93.932329
18.040225,432,95.132859
67.531946,432,96.256293
71.888271,432,99.146949
-16.21042,432,100.268796
288.276261,432,101.44651
-118.722881,432,102.54803
220.988428,432,103.735965
149.599238,432,104.84351
54.096718,432,106.041328
261.042512,432,107.153713
186.317903,432,110.039731
-155.217962,432,111.121362
-138.160506,432,112.323913
114.250583,432,113.457453
143.346687,432,114.715004
176.27282,432,115.770566
250.874597,432,116.952479
-40.879944,432,118.048451
45.99592,432,120.931144
305.261004,432,122.059234
292.065379,432,123.238299
233.314716,432,124.343198
248.823518,432,125.522002
55.001483,432,126.672608
68.458013,432,127.85657
-171.352257,432,128.973332
281.222311,432,131.845088
272.899735,432,132.964031
272.553178,432,134.148747
274.639131,432,135.233236
294.591539,432,136.429564
123.515294,432,137.531702
222.709597,432,138.723792
45.982173,432,139.807366
110.289898,432,142.762265
282.484338,432,143.843983
15.802256,432,145.028982
303.6569,432,146.159329
246.101297,432,147.341482
202.113874,432,148.438138
118.991035,432,149.651846
261.714715,432,150.744626
253.660506,432,153.646441
109.454568,432,154.782185
286.855384,432,155.963359
198.653942,432,157.068676
94.651589,432,158.261248
254.747279,432,159.382906
263.398015,432,160.573583
163.823637,432,161.65586
272.616829,432,164.545375
118.884421,432,165.609802
364.905498,432,166.810797
264.36173,432,167.940149
160.355482,432,169.125594
19.907261,432,170.217895
255.920851,432,171.413819
292.225266,432,172.486363
280.533501,432,175.365226
90.199649,432,176.458313
307.391822,432,177.663115
240.310187,432,178.791597
250.907913,432,179.97356
370.271395,432,181.058194
58.937429,432,182.245043
209.045645,432,183.340312
250.773305,432,186.216092
275.193625,432,187.287432
288.593895,432,188.479541
199.355298,432,189.59906
370.839915,432,190.793716
304.6497,432,191.931309
219.062613,432,193.113848
256.595051,432,194.208599
181.709737,432,197.103065
237.29436,432,198.221836
85.72751,432,199.412106
273.832052,432,200.495243
253.49857,432,201.687403
86.044882,432,202.770143
281.520186,432,203.958234
303.332108,432,205.034743
272.28994,432,207.967563
363.77465,432,209.02901
203.598041,432,210.210439
320.270572,432,211.31568
247.188286,432,212.501388
375.066602,432,213.609818
308.760954,432,214.795951
68.671936,432,215.865409
-59.913358,432,218.753336
85.889108,432,219.884747
312.47894,432,221.07997
180.746238,432,222.145663
122.572647,432,223.328976
250.340278,432,224.402988
333.212356,432,225.614965
230.561255,432,226.66369
369.847661,432,229.548547
268.823734,432,230.596022
257.174157,432,231.803199
305.720144,432,232.905842
395.936079,432,234.097964
304.490923,432,235.241618
134.357718,432,236.429501
185.541591,432,237.485108
262.795684,432,240.368681
264.966034,432,241.431242
131.104305,432,242.636986
263.042935,432,243.772267
341.264027,432,244.956573
212.079999,432,246.043561
308.377614,432,247.231228
326.605551,432,248.33572
300.885996,432,251.225202
120.857783,432,252.285873
321.699927,432,253.480034
339.03638,432,254.576151
277.589171,432,255.763696
378.160056,432,256.904926
311.745324,432,258.096891
65.459426,432,259.209067
334.387661,432,262.089178
261.652465,432,263.216352
369.802361,432,264.399481
300.40829,432,265.481011
306.198228,432,266.689907
59.063723,432,267.747247
278.819,432,268.928292
357.52978,432,270.017891
-30.823291,432,272.96059
38.19486,432,274.063468
340.573684,432,275.257147
261.49246,432,276.380693
388.682818,432,277.572812
484.8567,432,278.671227
68.17846,432,279.868026
302.34948,432,280.928915
207.073115,432,283.829558
228.617102,432,284.959482
240.618511,432,286.14968
300.596699,432,287.247947
149.158966,432,288.441764
407.050074,432,289.535912
298.3623,432,290.725971
488.835493,432,291.784238
329.459176,432,294.724339
226.782188,432,295.780155
419.549287,432,296.972807
316.147859,432,298.08489
329.758171,432,299.273216
299.836554,432,300.376373
278.986235,432,301.581359
99.389387,432,302.698218
356.897135,432,305.686566
159.956497,432,306.733623
312.259185,432,307.91308
318.376763,432,309.01911
82.133181,432,310.209123
334.67098,432,311.266932
262.110811,432,312.460405
56.458954,432,313.554972
443.166869,432,316.445524
418.355161,432,317.599631
284.979089,432,318.792358
320.922129,432,319.872119
256.862796,432,321.059627
142.027351,432,322.172914
199.876798,432,323.365447
430.940491,432,324.472291
397.032466,432,327.376162
329.595425,432,328.440777
122.004515,432,329.667187
379.613848,432,330.767702
351.159697,432,331.955868
369.711792,432,333.020989
299.229752,432,334.202792
261.938373,432,335.334568
312.643552,432,338.219604
329.840709,432,339.299813
267.56247,432,340.48243
304.492058,432,341.537396
254.939048,432,342.719042
460.432956,432,343.879381
293.170268,432,345.06481
521.982709,432,346.120633
69.086178,432,349.008841
389.272305,432,350.114164
282.109237,432,351.299517
275.228853,432,352.363176
261.43649,432,353.562882
449.866716,432,354.651934
409.30856,432,355.84823
124.572665,432,356.961963
-98.145475,432,359.891586
123.796507,432,361.00513
231.812581,432,362.19399
353.866005,432,363.29092
286.995625,432,364.471801
325.964003,432,365.542146
321.470659,432,366.730864
428.538894,432,367.788496
241.656042,432,370.689707
350.959045,432,371.787832
480.093234,432,372.97859
375.440322,432,374.050676
386.236698,432,375.235367
267.004685,432,376.338703
281.863411,432,377.523207
311.57181,432,378.588922
436.198325,432,381.461909
485.972053,432,382.566448
427.009212,432,383.754862
405.577587,432,384.899949
401.443482,432,386.089446
379.765291,432,387.154316
335.877051,432,388.339264
274.546489,432,389.482494
273.944256,432,392.346783
426.434104,432,393.447584
264.059393,432,394.650461
459.418863,432,395.711412
301.273609,432,396.92401
403.934855,432,398.083307
522.058504,432,399.26801
481.373219,432,400.375261
262.657614,432,403.248924
337.619669,432,404.309751
470.780436,432,405.491389
429.216598,432,406.556352
314.041703,432,407.739623
467.885909,432,408.867483
386.418439,432,410.046622
340.656169,432,411.132805
321.357638,432,414.018921
451.798738,432,415.118115
181.035689,432,416.311235
395.664763,432,417.390842
72.444599,432,418.58451
412.20973,432,419.665434
299.61001,432,420.841829
339.90642,432,421.921832
316.7102,432,424.850523
473.135582,432,425.939007
434.556603,432,427.123206
483.157181,432,428.220383
319.595781,432,429.411092
399.118839,432,430.470848
376.686069,432,431.667143
354.69388,432,432.710014
307.463265,432,435.575632
398.25797,432,436.725293
344.145426,432,437.923461
130.37221,432,439.031224
423.656047,432,440.217741
190.823345,432,441.313175
277.294521,432,442.500203
362.660443,432,443.575556
287.88839,432,446.449436
397.098847,432,447.52642
453.518282,432,448.712123
408.164503,432,449.847741
400.395396,432,451.019181
517.081586,432,452.097407
423.08246,432,453.27538
93.292377,432,454.357191
442.970426,432,457.225929
215.467186,432,458.278059
263.906844,432,459.456142
186.244982,432,460.520721
569.409612,432,461.709491
436.856939,432,462.830136
320.721725,432,464.023855
268.786975,432,465.11367
428.717117,432,468.009826
72.711282,432,469.127547
518.455529,432,470.319268
427.438954,432,471.432661
359.019189,432,472.631355
281.232387,432,473.699232
152.94736,432,474.887574
364.864243,432,475.996783
385.05989,432,478.936267
324.528772,432,479.99729
189.237916,432,481.189276
248.806935,432,482.322491
235.3712,432,483.513497
340.702036,432,484.582652
389.65253,432,485.7778
414.748885,432,486.893693
380.158441,432,489.798732
361.580789,432,490.958886
438.192221,432,492.176196
315.562877,432,493.317123
434.369305,432,494.526223
519.444064,432,495.640286
343.364542,432,496.827034
410.799443,432,497.928472
578.350785,432,500.820229
94.600956,432,501.90627
443.308851,432,503.133737
364.173518,432,504.221481
135.116629,432,505.400832
315.081261,432,506.502155
305.492058,432,507.694623
303.297,432,508.809559
350.505006,432,511.710557
244.699681,432,512.814634
318.520983,432,514.008458
526.396247,432,515.072003
102.859241,432,516.255069
335.565547,432,517.388573
288.412216,432,518.623928
333.732799,432,519.671124
266.153092,432,522.56443
239.805162,432,523.664169
359.617753,432,524.846326
357.08247,432,525.938952
251.625204,432,527.126684
313.115039,432,528.250358
276.901262,432,529.435204
301.514709,432,530.485702
383.614789,432,533.440679
513.406455,432,534.509795
142.088866,432,535.744441
275.229588,432,536.804037
456.621145,432,537.992248
349.066073,432,539.104283
311.08639,432,540.296647
362.539475,432,541.370057
654.657998,432,544.310015
333.129125,432,545.430862
452.35116,432,546.62693
445.16092,432,547.684515
431.07144,432,548.874102
264.569915,432,549.985837
241.555996,432,551.17883
441.525729,432,552.250608
347.346631,432,555.127353
398.074392,432,556.195822
442.677286,432,557.381309
133.823254,432,558.471203
424.619593,432,559.721645
406.204566,432,560.784913
303.719267,432,561.977104
390.374958,432,563.063512
421.080456,432,565.935899
392.365264,432,567.004776
509.016183,432,568.183052
105.096884,432,569.282162
381.086397,432,570.468937
346.066932,432,571.599492
255.93727,432,572.775939
418.153085,432,573.871504
441.658617,432,576.738563
312.580202,432,577.832779
330.259735,432,579.017863
307.897286,432,580.077993
385.258703,432,581.264761
445.401812,432,582.337584
418.21411,432,583.518967
402.557572,432,584.580564
484.083273,432,587.503974
463.95153,432,588.615554
341.749024,432,589.794235
366.689817,432,590.895694
485.455372,432,592.085651
563.431489,432,593.151091
322.71835,432,594.335925
245.498423,432,595.397549
400.776869,432,598.274738
309.294193,432,599.456372
254.419878,432,600.766296
415.780984,432,601.826376
350.918639,432,603.006467
457.69128,432,604.122834
465.460181,432,605.305194
280.014769,432,606.404018
476.537366,432,609.28662
531.975121,432,610.393924
412.630327,432,611.577533
340.958165,432,612.698925
450.276462,432,613.875638
468.030747,432,614.941295
499.894783,432,616.129515
150.764541,432,617.225638
419.562666,432,620.094357
197.912237,432,621.18604
412.534764,432,622.367391
326.670755,432,623.465315
338.390008,432,624.662858
491.07208,432,625.766791
-149.606235,432,626.952443
436.070717,432,628.024799
