#{"t_start": 1790893341.2476032, "env_id": "MGEnv"}
r,l,t
-556.36985,432,1.175453
22.185113,432,2.37666
-64.977359,432,3.512278
13.144166,432,4.640875
60.441493,432,5.801658
17.354065,432,6.930574
41.056533,432,8.062152
-96.555721,432,9.172343
2.495386,432,11.806776
65.808685,432,12.920599
-45.007498,432,14.06006
93.088302,432,15.164004
8.221925,432,16.309527
-3.698388,432,17.404614
9.188672,432,18.53016
-87.637227,432,19.656505
71.491263,432,22.355427
13.612695,432,23.466964
-39.96944,432,24.568605
-314.329186,432,25.71665
-11.989808,432,26.838985
53.662166,432,27.965406
86.468525,432,29.095494
23.93118,432,30.207662
4.675875,432,32.887108
8.802535,432,34.038585
110.916,432,35.166718
15.23536,432,36.306136
46.172227,432,37.403063
7.374236,432,38.534003
83.264325,432,39.65656
42.967543,432,40.758984
161.984142,432,43.387119
5.298872,432,44.533619
7.781846,432,45.696544
68.663722,432,46.809628
-8.881318,432,47.939655
154.560554,432,49.038312
123.985781,432,50.148097
109.709759,432,51.278913
-65.402802,432,53.953625
-7.173854,432,55.076454
1.763654,432,56.254896
7.392853,432,57.398796
-28.793824,432,58.530475
-61.429849,432,59.676547
6.747556,432,60.792977
25.14922,432,61.940307
-10.964538,432,64.596658
84.921749,432,65.766042
68.28602,432,66.909615
52.65751,432,68.014482
-116.474296,432,69.158932
63.438939,432,70.30219
0.773287,432,71.475888
48.723379,432,72.594604
57.128841,432,75.213727
-29.829126,432,76.352247
-75.587885,432,77.500901
5.16352,432,78.657987
-94.255304,432,79.796798
-18.930357,432,80.91719
2.52722,432,82.063257
-0.898314,432,83.205899
41.10347,432,85.890316
12.69325,432,87.018568
-119.222647,432,88.162331
49.653085,432,89.297875
55.425644,432,90.44114
131.139735,432,91.588885
-3.931078,432,92.724957
-42.746657,432,93.805688
50.614661,432,96.477891
30.445918,432,97.569718
18.545936,432,98.723548
9.660231,432,99.888198
-28.298104,432,101.009598
14.824744,432,102.14201
92.911367,432,103.269881
99.262461,432,104.452365
23.642776,432,107.126754
119.928206,432,108.269693
11.015885,432,109.42158
-26.589915,432,110.547796
20.665508,432,111.695246
122.427336,432,112.852308
14.807887,432,113.982834
64.588614,432,115.112585
7.427831,432,117.739442
9.846752,432,118.91414
13.620699,432,120.050243
79.048838,432,121.173644
42.937113,432,122.283698
30.956968,432,123.390036
-35.36336,432,124.552283
2.165728,432,125.677922
133.054737,432,128.281697
92.465979,432,129.446224
-3.646489,432,130.571306
48.614838,432,131.716775
-76.776923,432,132.827679
-39.423483,432,133.959586
-52.85403,432,135.089445
13.253608,432,136.200139
83.741418,432,138.855213
26.827326,432,140.0677
23.980242,432,141.203195
-3.414098,432,142.343714
-21.580293,432,143.462528
-23.410853,432,144.583328
12.937257,432,145.732121
-724.656282,432,146.896585
174.775234,432,149.451164
92.301511,432,150.633928
8.463088,432,151.760886
41.293627,432,152.872941
123.077393,432,153.98106
42.596597,432,155.117022
4.959944,432,156.268201
16.567041,432,157.386423
-4.840924,432,160.042148
13.31607,432,161.180133
71.233719,432,162.287746
4.305819,432,163.417061
-11.830094,432,164.522111
2.76291,432,165.67294
9.684582,432,166.884116
-47.029604,432,168.029537
26.902119,432,170.848278
31.06981,432,172.159348
13.935985,432,173.367417
91.069088,432,174.482053
39.819808,432,175.673438
4.42347,432,176.810977
152.017946,432,177.967925
-86.650658,432,179.076381
24.382523,432,181.666937
11.738066,432,182.827939
-97.940772,432,183.94818
-33.666552,432,185.045006
-42.964247,432,186.227146
5.063224,432,187.333553
114.164184,432,188.492029
14.686368,432,189.648174
2.958562,432,192.295723
-101.012131,432,193.433319
-42.528017,432,194.567923
-48.966911,432,195.726329
228.470879,432,196.846636
-2.968912,432,197.975463
5.442837,432,199.127299
-1.331494,432,200.258754
-31.501218,432,202.911828
18.869206,432,204.024308
6.053089,432,205.148819
-56.191409,432,206.260433
121.488006,432,207.404888
-59.617993,432,208.519722
2.2884,432,209.649054
32.58319,432,210.796657
37.705144,432,213.467394
26.094012,432,214.573365
6.075641,432,215.714306
28.953447,432,216.84234
8.804365,432,217.991529
-99.779846,432,219.135126
3.305988,432,220.266396
123.773406,432,221.376894
185.161017,432,224.05473
6.604602,432,225.218817
17.250773,432,226.375766
21.374764,432,227.525185
58.564038,432,228.654658
-37.046523,432,229.82294
-47.849751,432,230.958337
102.113893,432,232.083719
-1.03711,432,234.70876
-10.560537,432,235.889836
112.454908,432,237.014696
-22.09454,432,238.150787
10.537955,432,239.315562
3.339286,432,240.446984
16.458151,432,241.569126
69.568661,432,242.699715
-41.28148,432,245.36525
77.875083,432,246.52161
95.162241,432,247.680938
-49.524864,432,248.825563
-6.389233,432,249.963981
-102.363076,432,251.071988
-16.047678,432,252.210654
-29.598677,432,253.351047
19.128412,432,256.008374
50.4004,432,257.127382
-30.388071,432,258.306612
71.582868,432,259.453166
-49.021737,432,260.628205
30.077046,432,261.752844
66.353719,432,262.871354
53.33446,432,264.006186
183.01863,432,266.653916
-10.613185,432,267.821489
-13.271612,432,268.972553
39.557533,432,270.097346
41.707385,432,271.249474
30.458215,432,272.38222
5.706833,432,273.50085
-95.178433,432,274.598432
-24.18529,432,277.298118
-4.184473,432,278.508584
124.049999,432,279.628416
-19.719894,432,280.762109
88.077966,432,281.904055
53.706475,432,283.015469
-33.505577,432,284.198709
-4.11932,432,285.345534
-45.621007,432,287.940482
2.98883,432,289.100233
17.887571,432,290.235352
-34.172389,432,291.354338
-33.173658,432,292.46647
31.125467,432,293.605693
7.285977,432,294.764838
26.24717,432,295.895763
-11.142411,432,298.605689
66.000305,432,299.750971
6.152371,432,300.912574
17.452482,432,302.077804
-44.248541,432,303.210366
-107.58466,432,304.331499
1.759649,432,305.44716
-41.790608,432,306.603113
-17.763754,432,309.270406
-2.625833,432,310.377837
10.422313,432,311.520308
80.161857,432,312.652137
-7.281955,432,313.819024
-10.069845,432,314.943408
26.614058,432,316.061351
5.849926,432,317.172935
-120.203266,432,319.895035
16.620829,432,321.011924
61.730164,432,322.159415
-1.300763,432,323.305163
150.868361,432,324.410335
167.428593,432,325.534807
75.047704,432,326.705521
13.449309,432,327.844199
12.645961,432,330.487496
-9.776392,432,331.59843
25.159597,432,332.730499
82.88916,432,333.881563
-32.615707,432,335.037315
94.262382,432,336.164684
66.713991,432,337.277916
-24.109473,432,338.405903
13.012897,432,341.034434
3.735227,432,342.167389
2.228365,432,343.304926
83.72596,432,344.483765
4.079989,432,345.593525
18.554043,432,346.767123
68.767546,432,347.897631
-26.746007,432,349.017638
10.209695,432,351.637045
-53.224029,432,352.836396
-58.282444,432,354.004172
18.90408,432,355.147786
113.402114,432,356.262968
46.559698,432,357.41405
-77.07379,432,358.547905
176.122133,432,359.723132
173.066711,432,362.406202
8.214458,432,363.526984
23.342008,432,364.676503
42.414133,432,365.826335
14.905948,432,366.945604
-105.360503,432,368.073928
-6.825863,432,369.21128
111.778629,432,370.326555
-163.313149,432,372.986339
-84.249412,432,374.119646
-1.290407,432,375.253556
-33.956861,432,376.390198
75.5372,432,377.513777
-2.427793,432,378.637965
87.488839,432,379.774929
8.446366,432,380.888488
22.868935,432,383.546062
181.108001,432,384.66848
8.640566,432,385.79001
-32.127926,432,386.961586
120.240406,432,388.098781
45.079861,432,389.198911
11.528813,432,390.359327
2.336568,432,391.492124
17.188275,432,394.118474
16.101311,432,395.265487
5.377909,432,396.389143
35.265334,432,397.531382
-55.648872,432,398.691468
98.915802,432,399.83688
28.350101,432,401.032156
-86.759652,432,402.185326
-66.180125,432,404.772925
58.755007,432,405.936401
14.731726,432,407.057018
8.038718,432,408.23851
68.292274,432,409.346248
11.540787,432,410.506641
-79.012671,432,411.658755
33.208066,432,412.804693
-64.74008,432,415.434824
-36.149979,432,416.585303
106.299659,432,417.730777
-69.876491,432,418.836339
111.085594,432,420.049597
-122.046735,432,421.188677
32.323739,432,422.33639
-8.938769,432,423.454778
6.174938,432,426.117556
27.442382,432,427.280619
-21.424031,432,428.425679
10.834732,432,429.551278
27.090782,432,430.677064
-23.520957,432,431.817176
34.576598,432,432.934681
-101.937935,432,434.080786
30.814994,432,436.739419
101.500288,432,437.945141
-53.406133,432,439.093727
-59.383747,432,440.19688
54.725246,432,441.345823
-196.144004,432,442.475827
26.461218,432,443.613137
8.732823,432,444.752923
77.594547,432,447.404744
133.426883,432,448.526706
8.238245,432,449.61938
0.817662,432,450.790758
64.484851,432,451.936436
-31.463326,432,453.086994
39.741756,432,454.242878
-15.427024,432,455.35485
22.345661,432,457.998348
5.666873,432,459.150155
-110.098665,432,460.268964
-76.512611,432,461.402987
-88.320942,432,462.575168
5.138385,432,463.730336
77.158422,432,464.864582
2.207033,432,465.976091
-138.115798,432,468.590818
24.710529,432,469.735261
6.282005,432,470.91001
-13.755598,432,472.072942
-99.058879,432,473.187074
-48.946514,432,474.301257
-18.684856,432,475.444002
67.180717,432,476.618959
-164.363615,432,479.277386
10.384006,432,480.418844
-35.057173,432,481.569885
29.966434,432,482.729588
-26.519887,432,483.881029
23.820282,432,485.031532
3.690862,432,486.160606
-1.124748,432,487.296574
9.544148,432,489.938807
1.098556,432,491.10976
37.534127,432,492.24498
35.413118,432,493.382416
6.733883,432,494.521416
15.062903,432,495.629319
53.470746,432,496.802557
-31.980577,432,497.961807
-52.143994,432,500.608756
-110.271317,432,501.759735
27.755005,432,502.906248
1.477419,432,504.077116
-9.5265,432,505.188676
-19.274339,432,506.321094
134.293349,432,507.446889
-15.01087,432,508.582164
-16.736797,432,511.237159
28.944997,432,512.377005
5.420259,432,513.51616
13.232947,432,514.698895
34.206339,432,515.807186
-25.670307,432,516.96751
-94.433237,432,518.082438
-18.783547,432,519.22277
18.709997,432,521.84644
105.735673,432,522.975562
18.626252,432,524.130447
-106.889589,432,525.276434
18.988988,432,526.413699
-42.764592,432,527.560205
6.837583,432,528.713714
75.388767,432,529.887022
-0.148742,432,532.519158
5.737074,432,533.681142
125.423715,432,534.84205
-11.808005,432,535.997382
2.374103,432,537.141008
-37.037514,432,538.294457
44.617797,432,539.438178
14.091115,432,540.570843
5.749216,432,543.246977
71.470891,432,544.336595
13.666066,432,545.400706
-14.766113,432,546.518168
97.399825,432,547.718781
21.363618,432,548.816475
-44.041273,432,549.971854
70.711524,432,551.117697
22.304735,432,553.69039
-20.672523,432,554.852035
12.225075,432,556.032073
-103.097306,432,557.150177
-41.945116,432,558.294636
45.60453,432,559.430046
-12.147558,432,560.547167
139.260287,432,561.717776
-116.324672,432,564.401
13.278498,432,565.535266
25.30558,432,566.710491
3.006032,432,567.84689
-14.388964,432,568.955437
50.803168,432,570.058957
8.369312,432,571.241018
2.756887,432,572.385301
-31.691663,432,575.04498
101.128998,432,576.178982
25.353031,432,577.34187
-76.329521,432,578.457916
-9.441326,432,579.631181
-29.437432,432,580.769104
-27.995926,432,581.916814
-3.083323,432,583.052354
-12.024724,432,585.73638
-52.712316,432,586.849075
36.299796,432,588.012309
-64.565851,432,589.136254
-118.486856,432,590.281517
-7.320917,432,591.431008
-81.686119,432,592.562483
11.324914,432,593.712136
4.186299,432,596.374479
12.830116,432,597.501992
38.433659,432,598.651258
-49.422556,432,599.775002
-2.984454,432,600.945579
79.895966,432,602.084506
-43.228106,432,603.231881
37.400344,432,604.385392
-18.581628,432,607.052487
8.211328,432,608.171496
144.532328,432,609.304224
3.07848,432,610.473117
24.239397,432,611.632199
-75.833961,432,612.762078
