#{"t_start": 1790890285.9982412, "env_id": "MGEnv"}
r,l,t
-315.593282,432,0.74077
-390.910966,432,1.447728
-121.503064,432,2.349
-493.793571,432,3.061476
-125.724463,432,3.90451
-262.19199,432,4.606868
-115.646193,432,5.405622
-15.7967,432,6.102706
3.462243,432,7.815938
-139.898559,432,8.5559
-304.582632,432,9.366734
-8.472133,432,10.093337
-222.298727,432,10.901384
-171.30211,432,11.628597
74.821152,432,12.422851
-26.343847,432,13.165404
-99.940079,432,14.828291
-348.814529,432,15.588333
49.181846,432,16.410241
-380.891453,432,17.102221
119.146867,432,17.927946
-132.254278,432,18.686005
-192.399807,432,19.511688
104.147312,432,20.218463
139.506795,432,21.86351
-265.239053,432,22.644795
171.251993,432,23.462505
8.185056,432,24.197566
62.560746,432,25.02036
-96.372826,432,25.736222
99.470175,432,26.568013
105.991832,432,27.325312
-28.762717,432,28.993887
-20.055685,432,29.784409
22.349176,432,30.588906
-98.216004,432,31.329359
77.785804,432,32.149538
95.301829,432,32.823388
-33.264585,432,33.613607
-208.408247,432,34.337091
-128.044966,432,36.037462
216.786653,432,36.803956
162.456235,432,37.672546
142.599686,432,38.423992
-123.895,432,39.234927
-13.469894,432,39.941873
193.718755,432,40.725819
-50.361733,432,41.429095
135.916497,432,43.084739
86.704748,432,43.825873
-172.11826,432,44.64984
212.78571,432,45.360298
-69.728444,432,46.192525
9.940672,432,46.929936
138.778378,432,47.740998
188.581584,432,48.44517
-19.908962,432,50.122869
67.438728,432,50.902629
58.901711,432,51.742841
-104.973602,432,52.501383
133.531299,432,53.296422
-37.114338,432,54.047597
23.373256,432,54.851132
179.315389,432,55.602883
9.685272,432,57.296232
39.425244,432,58.033856
228.992091,432,58.854065
63.858299,432,59.593242
18.301825,432,60.448668
233.877211,432,61.153659
-126.872891,432,61.962981
239.051804,432,62.681931
16.171037,432,64.355042
-209.130896,432,65.1371
231.365923,432,65.954447
-145.895546,432,66.679391
227.840643,432,67.528258
232.987159,432,68.204074
98.637507,432,69.015146
273.756294,432,69.722646
56.758299,432,71.419605
306.16512,432,72.193793
67.612775,432,72.999037
271.081794,432,73.684261
185.724887,432,74.493643
292.349625,432,75.269034
-159.194349,432,76.085066
344.660307,432,76.769838
231.249123,432,78.447911
307.196991,432,79.205333
-34.705487,432,80.025439
190.319159,432,80.774445
181.925514,432,81.60057
194.132323,432,82.299819
237.77788,432,83.134057
87.176427,432,83.85757
99.49776,432,85.52391
145.212374,432,86.280487
358.678297,432,87.11375
51.287676,432,87.886933
268.227381,432,88.693976
146.387504,432,89.40455
-40.838478,432,90.239934
222.131516,432,90.949749
57.774973,432,92.587018
161.053733,432,93.339336
-148.288596,432,94.162698
258.788159,432,94.887876
265.721386,432,95.695518
234.431676,432,96.44806
289.558051,432,97.237059
358.503384,432,97.933003
-35.831601,432,99.616955
261.816209,432,100.349375
289.366707,432,101.174129
296.132089,432,101.860707
75.920408,432,102.684689
111.650171,432,103.462903
274.622561,432,104.27988
408.600204,432,104.984776
11.908946,432,106.655804
280.127358,432,107.438989
286.389142,432,108.259358
61.357623,432,109.012975
-71.619265,432,109.835209
177.757456,432,110.539155
325.12433,432,111.374055
372.585429,432,112.154608
175.713616,432,113.810857
283.706425,432,114.576942
184.156909,432,115.386576
321.645989,432,116.139718
236.779515,432,116.952105
336.183544,432,117.667291
298.095446,432,118.49583
335.283886,432,119.196986
331.601585,432,120.895424
251.725071,432,121.637038
314.015494,432,122.456407
297.972534,432,123.223125
282.226008,432,124.021474
387.845848,432,124.697601
305.646759,432,125.515111
282.758781,432,126.240724
327.207641,432,127.931571
282.635421,432,128.673931
162.390088,432,129.505557
103.802369,432,130.258382
371.540661,432,131.103844
393.692569,432,131.785883
309.559717,432,132.608807
82.802229,432,133.329424
274.119416,432,134.984913
314.937242,432,135.752216
231.338745,432,136.58586
335.24937,432,137.281238
32.899028,432,138.13376
137.860162,432,138.889772
241.099288,432,139.712363
293.026539,432,140.409012
226.249848,432,142.087872
148.05501,432,142.84882
65.882271,432,143.678944
349.160071,432,144.443311
361.667515,432,145.300004
316.839958,432,146.040478
309.182594,432,146.871536
356.423253,432,147.626424
322.632673,432,149.281472
335.351705,432,150.037488
-113.460283,432,150.846112
307.555813,432,151.603604
-83.408117,432,152.401465
233.63755,432,153.136228
152.185564,432,153.940905
289.574452,432,154.646345
373.949727,432,156.341955
278.000167,432,157.076853
243.709003,432,157.92125
104.944779,432,158.672595
374.194582,432,159.500789
306.547763,432,160.205471
474.442671,432,161.012185
280.608382,432,161.716629
369.443913,432,163.36743
410.890346,432,164.11115
285.471432,432,164.939555
181.452069,432,165.644642
358.262772,432,166.450745
300.45463,432,167.231226
137.594352,432,168.077091
347.7339,432,168.793977
111.617323,432,170.478516
356.512331,432,171.270962
450.251719,432,172.134152
318.087384,432,172.890583
263.149,432,173.70505
283.102951,432,174.425247
364.197507,432,175.270443
381.609493,432,176.022787
318.739907,432,177.699585
159.385973,432,178.428027
326.649821,432,179.239295
276.932722,432,179.979042
179.846141,432,180.822641
276.063202,432,181.519098
131.698603,432,182.339989
255.913872,432,183.05019
87.102959,432,184.724693
327.286056,432,185.491616
272.693058,432,186.323795
304.240576,432,187.055103
89.962159,432,187.87343
66.54733,432,188.566454
239.211022,432,189.398217
289.224896,432,190.102813
285.331834,432,191.772737
147.855191,432,192.503467
372.750503,432,193.332211
261.09336,432,194.041742
246.966668,432,194.891932
380.944938,432,195.681724
348.319077,432,196.475534
293.738369,432,197.212063
303.475128,432,198.881207
294.532216,432,199.670807
57.843742,432,200.517689
337.857101,432,201.292282
321.436108,432,202.120061
387.778516,432,202.814628
97.523065,432,203.64581
284.143074,432,204.402696
396.338734,432,206.079116
331.268502,432,206.85778
450.754213,432,207.68276
362.62465,432,208.444977
303.928812,432,209.291342
-152.862011,432,210.00229
249.418489,432,210.822727
346.713654,432,211.507312
457.860066,432,213.194005
269.374337,432,213.961029
-115.246313,432,214.791066
349.929695,432,215.52161
406.561182,432,216.333071
303.248699,432,217.054455
79.483184,432,217.883958
342.110281,432,218.598774
76.796818,432,220.29908
294.469452,432,221.082466
399.142153,432,221.90818
175.454315,432,222.669096
373.60539,432,223.483994
323.451079,432,224.184225
419.087643,432,224.991539
-300.422295,432,225.710803
194.595769,432,227.380434
369.500538,432,228.151105
289.16068,432,228.990684
283.52939,432,229.679438
13.402486,432,230.551898
343.916386,432,231.250262
112.454434,432,232.04458
289.732952,432,232.72749
407.331757,432,234.403483
365.728069,432,235.179987
389.006708,432,236.001239
267.095446,432,236.718017
84.990217,432,237.536448
467.711383,432,238.296756
343.984625,432,239.122303
332.720821,432,239.843615
304.749568,432,241.52764
495.507952,432,242.33268
324.280126,432,243.142582
307.149714,432,243.893499
77.236173,432,244.715978
335.668309,432,245.415809
442.985938,432,246.267841
371.229395,432,247.000986
95.781386,432,248.699636
293.92653,432,249.477986
365.61075,432,250.30702
341.014878,432,250.990547
418.466164,432,251.814515
405.140394,432,252.559769
462.58133,432,253.377666
356.076765,432,254.094293
318.117964,432,255.778964
326.304015,432,256.554125
311.578245,432,257.395429
135.486629,432,258.094722
399.789212,432,258.903411
306.821307,432,259.67594
492.684342,432,260.518801
285.175429,432,261.208545
432.270634,432,262.859759
400.204515,432,263.640018
516.460879,432,264.473822
221.952468,432,265.226499
-272.431453,432,266.04132
358.95621,432,266.788675
382.786665,432,267.590755
395.434248,432,268.325362
388.234814,432,270.004826
377.154741,432,270.790641
505.001772,432,271.616098
223.185618,432,272.368092
442.827399,432,273.217381
420.323687,432,273.906675
150.563406,432,274.718719
253.814047,432,275.425432
318.505417,432,277.097335
337.827356,432,277.832568
502.338126,432,278.655317
119.341394,432,279.359968
233.796367,432,280.181239
507.170101,432,280.967112
363.931455,432,281.795707
274.508551,432,282.508568
405.15779,432,284.184922
306.077042,432,284.951038
280.314296,432,285.779456
360.603248,432,286.544093
-64.854156,432,287.375774
304.760409,432,288.053918
360.647263,432,288.87598
81.275748,432,289.626849
350.346391,432,291.288317
273.820369,432,292.031305
409.758564,432,292.835361
233.191963,432,293.598384
339.441551,432,294.436094
372.526378,432,295.115169
84.920129,432,295.931208
142.878841,432,296.645395
481.365795,432,298.351497
420.743987,432,299.100745
293.747848,432,299.932522
564.490857,432,300.667807
-20.525105,432,301.487686
354.003036,432,302.228477
189.940745,432,303.039498
146.586044,432,303.758926
379.54542,432,305.454515
239.783929,432,306.260316
400.178746,432,307.075252
306.31565,432,307.82515
287.631782,432,308.645223
336.05688,432,309.347624
558.77317,432,310.172487
494.158919,432,310.948814
308.78648,432,312.621441
449.169104,432,313.374926
403.319566,432,314.189407
342.599185,432,314.930564
387.765887,432,315.76631
283.576708,432,316.466873
239.31361,432,317.275483
450.942334,432,317.978787
245.526748,432,319.659601
89.124776,432,320.465686
502.312455,432,321.294837
550.436134,432,322.019217
362.766078,432,322.831762
402.791232,432,323.580586
446.188555,432,324.382129
489.138204,432,325.138669
327.895337,432,326.825206
-139.193846,432,327.641121
410.245081,432,328.45347
359.385704,432,329.214144
84.805713,432,330.047673
472.953332,432,330.741009
81.165581,432,331.552656
383.275316,432,332.306626
252.267255,432,334.002299
538.970388,432,334.753566
493.037384,432,335.562762
165.248805,432,336.318614
368.276534,432,337.115542
318.774845,432,337.85314
375.608525,432,338.677474
495.519964,432,339.387619
-121.695806,432,341.072443
301.838987,432,341.828719
359.810331,432,342.659746
499.710853,432,343.369666
331.802049,432,344.201138
374.971572,432,344.960776
258.534836,432,345.818946
320.84846,432,346.527654
258.479495,432,348.190926
302.632211,432,348.986442
265.593645,432,349.834229
360.088472,432,350.58043
464.09882,432,351.392267
369.277676,432,352.08621
311.645136,432,352.904657
83.147395,432,353.660995
288.792474,432,355.342059
431.855418,432,356.123058
379.358135,432,356.959766
304.190542,432,357.720078
521.276564,432,358.542531
315.084691,432,359.22661
323.376213,432,360.073076
354.207566,432,360.777522
276.74997,432,362.480674
422.141089,432,363.223183
356.895069,432,364.023483
295.465122,432,364.781074
346.338471,432,365.60036
378.487716,432,366.30219
538.626514,432,367.135253
484.035065,432,367.864325
546.178139,432,369.565055
427.574739,432,370.305572
290.693819,432,371.131872
197.279589,432,371.938714
426.163388,432,372.737078
372.11548,432,373.432189
338.231425,432,374.264047
442.228108,432,374.960046
315.294346,432,376.678043
396.547428,432,377.445336
383.36799,432,378.281478
334.150581,432,379.054783
510.485199,432,379.862292
461.395625,432,380.565187
380.66074,432,381.401156
388.794287,432,382.158113
46.12599,432,383.866082
368.010098,432,384.634508
265.758452,432,385.485811
289.880839,432,386.199397
357.636265,432,386.991397
450.044206,432,387.722592
15.32125,432,388.506407
444.949931,432,389.232104
330.082574,432,390.89397
415.328719,432,391.679895
349.015222,432,392.513011
409.64445,432,393.273209
308.037609,432,394.107665
335.405171,432,394.854254
404.44726,432,395.689276
354.753231,432,396.468559
430.845012,432,398.114502
385.728289,432,398.841014
457.284266,432,399.646235
335.541866,432,400.383087
428.577742,432,401.210239
507.294954,432,401.908544
427.038891,432,402.744891
-141.37307,432,403.441319
174.696294,432,405.120164
394.232012,432,405.887273
474.939354,432,406.707163
538.451795,432,407.40341
223.057923,432,408.25795
426.809714,432,408.95335
474.27406,432,409.763549
45.819118,432,410.478326
