#{"t_start": 1790814369.3134289, "env_id": "MGEnv"}
r,l,t
125.920345,432,1.165502
5.225813,432,2.238978
-21.124791,432,3.317492
28.8493,432,4.395283
-26.889975,432,5.545335
-124.078948,432,6.654251
10.968498,432,7.754611
75.604405,432,8.856467
67.754211,432,11.396423
17.105791,432,12.529124
-237.343709,432,13.638522
4.609654,432,14.752728
3.123772,432,15.852379
181.707735,432,16.958823
-7.758323,432,18.065016
-28.642127,432,19.176277
23.173111,432,21.702909
118.865328,432,22.808123
-41.664623,432,23.904791
3.091029,432,25.020564
26.491792,432,26.154589
107.270332,432,27.30239
84.885749,432,28.451967
-24.500154,432,29.654854
-67.058797,432,32.275084
-78.111676,432,33.394061
24.583076,432,34.533517
16.544236,432,35.653215
-127.893936,432,36.758709
17.290301,432,37.867271
-168.103064,432,38.990746
-29.12553,432,40.10153
28.808569,432,42.659527
12.894238,432,43.763641
-4.727711,432,44.848671
11.08084,432,45.940949
58.466863,432,47.030705
149.25566,432,48.116563
-9.617526,432,49.219233
3.641991,432,50.323316
88.554436,432,52.859208
4.69833,432,53.954143
-210.313522,432,55.052349
16.53939,432,56.136705
-47.19936,432,57.226921
-37.970535,432,58.324052
14.145668,432,59.431326
8.838149,432,60.605292
-13.351811,432,63.150772
27.737907,432,64.261764
-150.101237,432,65.363604
3.241399,432,66.458156
4.395786,432,67.580021
38.884813,432,68.753911
-19.164047,432,69.8678
-43.705279,432,70.965672
30.053744,432,73.448823
-45.581752,432,74.579501
159.005196,432,75.666579
15.372079,432,76.755017
48.367829,432,77.855397
53.870959,432,78.956847
97.767046,432,80.052472
30.668045,432,81.142446
-11.078654,432,83.656888
31.208126,432,84.76954
4.265152,432,85.857168
-20.262735,432,86.944168
-48.175541,432,88.029878
48.731829,432,89.122361
-14.816767,432,90.235736
6.899115,432,91.365674
-79.087075,432,93.884094
-7.718005,432,94.976467
45.095852,432,96.069774
31.542887,432,97.173976
10.405304,432,98.262352
-68.196185,432,99.350587
-93.371652,432,100.507241
-58.499449,432,101.634606
67.535632,432,104.160061
111.503148,432,105.261981
-41.571291,432,106.351061
2.675643,432,107.467762
45.097401,432,108.614029
13.816363,432,109.710677
52.676597,432,110.804129
14.77862,432,111.905169
10.261768,432,114.47136
-27.998852,432,115.609423
14.066509,432,116.710314
-175.71831,432,117.795248
40.737132,432,118.89155
-172.620818,432,119.979751
-112.915754,432,121.070044
-9.993828,432,122.173445
-32.336714,432,124.729342
68.950459,432,125.840968
19.876416,432,126.931875
57.308921,432,128.026171
53.237394,432,129.12618
3.471351,432,130.213123
-47.979383,432,131.312436
-5.402346,432,132.405117
21.733579,432,134.962484
27.566056,432,136.059832
29.583403,432,137.152141
59.566139,432,138.245263
-97.213663,432,139.335537
-19.178307,432,140.428071
14.685648,432,141.584008
8.740706,432,142.674273
31.457718,432,145.153646
120.705139,432,146.244765
33.15545,432,147.334246
15.451028,432,148.446032
-133.669283,432,149.568008
0.686778,432,150.668287
124.54385,432,151.757397
-26.174404,432,152.886579
37.63024,432,155.394706
32.629056,432,156.524497
0.572333,432,157.611304
42.401096,432,158.701509
-7.359157,432,159.793356
-17.477519,432,160.898251
-242.034517,432,162.016781
5.554476,432,163.126421
1.995927,432,165.656095
-19.046194,432,166.756701
-31.28768,432,167.855314
2.969161,432,168.946111
96.674532,432,170.06231
92.073207,432,171.155355
44.848798,432,172.275992
18.623923,432,173.392627
-105.008109,432,175.897109
82.781339,432,176.995445
-21.089319,432,178.084219
5.002417,432,179.177865
-30.921704,432,180.276603
32.900371,432,181.368534
43.735498,432,182.5275
-11.552617,432,183.618396
-67.104027,432,186.135726
-63.587987,432,187.249583
15.931873,432,188.337087
-103.141058,432,189.441617
-253.396898,432,190.59837
9.137903,432,191.693104
28.343753,432,192.799187
124.41636,432,193.898652
88.29426,432,196.444385
110.644658,432,197.54953
-100.996063,432,198.641974
68.976341,432,199.747914
-59.639393,432,200.867786
-26.184266,432,201.963644
19.081272,432,203.089878
-10.530711,432,204.190044
123.205833,432,206.71509
-17.305824,432,207.802886
-16.977128,432,208.900597
149.019876,432,209.987828
7.022557,432,211.110396
19.538782,432,212.208401
124.213192,432,213.321001
29.478847,432,214.427696
-38.972767,432,216.915927
68.351113,432,218.012687
-41.111845,432,219.129577
4.788434,432,220.217943
36.733574,432,221.320304
40.678866,432,222.415542
72.084809,432,223.590296
-42.711975,432,224.689589
-80.615618,432,227.229907
41.357187,432,228.323085
-24.045172,432,229.422975
-50.299769,432,230.552012
28.558506,432,231.679653
-16.515766,432,232.809629
2.651834,432,233.920231
119.896383,432,235.01111
17.353525,432,237.510926
21.412203,432,238.608815
1.895182,432,239.70259
50.083862,432,240.794272
-35.964561,432,241.886838
88.650813,432,242.991408
-139.178612,432,244.140976
11.65894,432,245.259374
13.24254,432,247.787169
42.014504,432,248.873748
-87.347149,432,249.973383
9.307586,432,251.070799
9.767505,432,252.165614
-63.153047,432,253.257358
-49.741405,432,254.393359
64.443223,432,255.563173
-11.369423,432,258.078309
42.308528,432,259.165142
13.256889,432,260.263434
-100.84501,432,261.350874
24.105041,432,262.498182
-4.998899,432,263.622762
13.442581,432,264.712689
3.381659,432,265.807136
41.334326,432,268.292823
28.294028,432,269.385693
96.067704,432,270.525256
-30.404619,432,271.634576
7.80978,432,272.736183
100.8772,432,273.823478
16.561327,432,274.916411
0.148194,432,276.018283
10.782158,432,278.552336
55.013287,432,279.649206
19.828762,432,280.738729
-48.064952,432,281.835238
15.546452,432,282.936827
2.618508,432,284.027379
-53.48974,432,285.14032
71.962232,432,286.232953
25.158964,432,288.748329
24.008885,432,289.847788
18.995561,432,290.940567
-86.878407,432,292.03354
-1.6183,432,293.125145
11.281004,432,294.218422
-8.316741,432,295.381661
-2.996864,432,296.555642
-25.074129,432,299.039774
10.051335,432,300.129277
-26.518451,432,301.225334
13.549207,432,302.323124
142.971134,432,303.44406
64.444463,432,304.559374
-37.242919,432,305.655889
9.271716,432,306.757477
-20.49971,432,309.257611
-0.295505,432,310.348158
-82.139704,432,311.453951
-76.45471,432,312.608556
-141.686451,432,313.703766
62.026668,432,314.807676
-12.906593,432,315.909356
46.488477,432,317.007287
48.868573,432,319.575295
8.568106,432,320.698536
12.089231,432,321.799442
17.526639,432,322.890465
15.669393,432,323.987614
134.943152,432,325.077484
59.724467,432,326.201242
45.552852,432,327.316373
-91.104972,432,329.824471
20.691304,432,330.917903
-19.867754,432,332.00815
-4.945583,432,333.105766
54.361522,432,334.205541
-15.226287,432,335.296975
-41.830486,432,336.448716
-65.755769,432,337.614826
16.322481,432,340.126895
-101.835441,432,341.228749
59.050731,432,342.320811
-34.52937,432,343.448468
0.520672,432,344.564305
44.975696,432,345.661094
72.820516,432,346.773834
150.413765,432,347.86526
-174.587152,432,350.370396
14.45396,432,351.492919
-103.771869,432,352.588884
-32.459377,432,353.700913
2.732342,432,354.794046
249.763408,432,355.885868
62.669752,432,356.984901
36.264623,432,358.083269
5.065575,432,360.626269
86.468265,432,361.713508
156.251914,432,362.817755
131.543934,432,363.907384
-80.597108,432,365.007988
93.507923,432,366.107149
16.879371,432,367.22352
-54.333867,432,368.365673
85.571978,432,370.890259
4.741091,432,371.984038
51.587905,432,373.094328
15.844949,432,374.185284
100.673969,432,375.290022
16.425031,432,376.381749
9.206731,432,377.548739
-68.711473,432,378.653614
7.771734,432,381.150019
1.222279,432,382.245035
11.007364,432,383.341767
-44.081709,432,384.439557
110.695269,432,385.590649
-12.739943,432,386.682055
-99.64921,432,387.786996
57.406962,432,388.90156
-19.302601,432,391.441552
18.081465,432,392.58239
-72.778966,432,393.68387
-82.392124,432,394.780281
-22.347098,432,395.872579
2.818025,432,396.965853
-34.901112,432,398.094733
-4.212958,432,399.189616
145.067665,432,401.703699
-45.68577,432,402.794324
-117.40393,432,403.895036
152.372017,432,404.992956
80.065002,432,406.122949
-106.575865,432,407.216118
-33.670501,432,408.329055
21.48472,432,409.471253
24.866625,432,411.997708
-67.104255,432,413.086212
36.321985,432,414.186402
40.303599,432,415.273949
100.82953,432,416.374359
11.208745,432,417.525232
122.336333,432,418.666085
-9.401525,432,419.761211
-162.240581,432,422.285452
-68.999851,432,423.412463
-73.949778,432,424.540224
-128.248916,432,425.627268
-169.082679,432,426.732985
-556.479047,432,427.827729
-291.775232,432,428.920925
206.977451,432,430.016621
211.052241,432,432.522105
-324.427973,432,433.632589
-241.008834,432,434.740828
186.066457,432,435.852636
278.69294,432,436.971511
225.469971,432,438.078022
365.845762,432,439.239224
223.512672,432,440.363255
311.53501,432,442.919539
303.052205,432,444.036501
70.756271,432,445.1349
196.000981,432,446.22588
217.931318,432,447.313044
312.374866,432,448.406787
334.078301,432,449.579822
-119.567461,432,450.677394
297.718072,432,453.180094
275.601145,432,454.290113
329.254497,432,455.389964
460.235766,432,456.506155
393.008323,432,457.625864
-196.136609,432,458.721096
274.167722,432,459.818882
326.20003,432,460.944966
229.657589,432,463.483457
-20.223291,432,464.636487
144.448936,432,465.729897
371.564956,432,466.823012
410.050903,432,467.917235
-6.656539,432,469.016191
32.7749,432,470.112405
301.418853,432,471.203961
490.971537,432,473.776985
340.172815,432,474.887266
492.105905,432,475.991467
486.942382,432,477.081719
160.698491,432,478.179866
446.521371,432,479.26985
383.92987,432,480.391846
276.96927,432,481.570291
309.014161,432,484.045455
276.692272,432,485.140966
255.524502,432,486.233361
417.004849,432,487.327248
339.669976,432,488.444239
292.892231,432,489.589221
59.069887,432,490.692279
146.102627,432,491.778545
213.492198,432,494.345298
210.19523,432,495.499851
95.479317,432,496.628191
352.254919,432,497.720441
-266.388835,432,498.811766
248.322234,432,499.902519
313.964647,432,501.005047
163.151219,432,502.090776
207.630116,432,504.621832
344.649789,432,505.720864
413.488429,432,506.817917
413.700834,432,507.912248
26.675598,432,509.003849
400.050797,432,510.099643
401.061752,432,511.252636
263.970928,432,512.352787
397.776032,432,514.860468
156.136586,432,515.946826
354.531747,432,517.040792
497.160286,432,518.130024
339.151691,432,519.229989
146.785663,432,520.326524
120.419725,432,521.506763
439.040989,432,522.667422
426.284747,432,525.191746
552.179969,432,526.313138
22.76558,432,527.438222
393.771785,432,528.546042
479.41647,432,529.638895
164.041073,432,530.730493
398.522379,432,531.825463
424.479816,432,532.933462
594.331434,432,535.456204
290.64443,432,536.558302
201.60174,432,537.645583
-153.156481,432,538.755799
668.251672,432,539.854594
392.370229,432,540.946412
507.437134,432,542.040615
389.280261,432,543.190613
393.351792,432,545.778165
294.421349,432,546.900708
215.953226,432,548.010767
332.68265,432,549.110162
584.232424,432,550.201891
267.475875,432,551.293653
-13.910069,432,552.444928
390.049409,432,553.591853
481.574699,432,556.082615
489.86017,432,557.175191
-85.113384,432,558.269415
227.965403,432,559.399666
536.755876,432,560.506246
262.05345,432,561.598273
335.5711,432,562.68864
505.893141,432,563.815335
658.658383,432,566.374692
398.719553,432,567.528537
513.450149,432,568.673658
369.719093,432,569.78237
464.428825,432,570.883103
779.896756,432,571.982889
482.833087,432,573.079804
691.542116,432,574.175514
678.960975,432,576.718311
487.993902,432,577.830643
239.756049,432,578.936361
434.021264,432,580.023815
481.379222,432,581.129559
274.651976,432,582.219307
351.571707,432,583.365467
629.068374,432,584.493474
255.953489,432,587.003405
174.873508,432,588.115973
125.673365,432,589.212089
459.64693,432,590.304205
433.527199,432,591.408994
507.634221,432,592.572492
