#{"t_start": 1790783822.2541888, "env_id": "MGEnv"}
r,l,t
-1056.903492,432,1.645408
-1219.72524,432,2.449533
-645.933428,432,3.263651
-87.807606,432,4.073667
-776.497082,432,4.853919
-319.978343,432,5.713709
-581.856215,432,6.54506
-238.445136,432,7.369351
-418.031033,432,8.199324
-252.207613,432,9.0231
-453.56907,432,9.853097
-180.055644,432,10.675793
-209.167188,432,11.502574
-489.582485,432,12.408795
-337.771707,432,13.267768
-401.48159,432,14.130976
-514.306744,432,15.01977
-318.347642,432,15.903619
-115.621403,432,16.711729
-288.529159,432,17.503589
-330.023401,432,18.370835
-547.729287,432,19.238539
-51.115185,432,20.043213
-612.26601,432,20.960586
-251.148805,432,21.786987
-325.363467,432,22.61666
-159.482053,432,23.461501
-71.364026,432,24.273257
-182.975584,432,25.104943
59.122372,432,25.911388
-22.987377,432,26.743288
-148.88278,432,27.59433
-85.772724,432,28.3868
